{
    "train_loss": [
        2.1868958830833436,
        23.89943645954132,
        345.8023474502563,
        4775.021471252441,
        163527.064765625,
        5109440.9728125,
        183811045.94,
        562083886.08,
        10617484098.56,
        62033308262.4,
        750010026885.12,
        12751861165588.48,
        36641628770795.52,
        795790975329894.4,
        97660206925742.08,
        21072694644572.16,
        7485424879534.08,
        5464000587366.4,
        1429295051898.88,
        445889354874.88,
        62207268618.24,
        190995127380.16,
        19891504391.84,
        6842974587.585,
        4643032015.367663,
        59490140.02095621,
        82798141.18196233,
        50483072.13684866,
        67519299.34147996,
        5859571.527201069,
        23227133.383199185,
        18522547.802890837,
        3964201.1866275286,
        75615115.89501792,
        184431300.18243247,
        74910023.85383046,
        15119645.933131382,
        10029871.15271064,
        3201880.180781114,
        46798547.21631002,
        397103130.01780856,
        1463529.523693254,
        2468771.0545290853,
        31154320.913446005,
        4831242.20073401,
        1869860.8059910918,
        2850699.0111528514,
        3768710.858972914
    ],
    "train_acc": [
        0.50125,
        0.49,
        0.49375,
        0.4875,
        0.51125,
        0.51,
        0.5275,
        0.50875,
        0.54125,
        0.52625,
        0.49125,
        0.4975,
        0.5225,
        0.515,
        0.54,
        0.505,
        0.50375,
        0.525,
        0.4975,
        0.5125,
        0.52375,
        0.5125,
        0.53375,
        0.485,
        0.53,
        0.535,
        0.5325,
        0.54,
        0.54375,
        0.53875,
        0.54125,
        0.5275,
        0.54875,
        0.52625,
        0.54125,
        0.53625,
        0.53625,
        0.54125,
        0.5225,
        0.54125,
        0.5425,
        0.5425,
        0.53625,
        0.53125,
        0.53625,
        0.54625,
        0.53125,
        0.54
    ],
    "val_loss": [
        0.7199850869178772,
        0.8773672246932983,
        3.6994834899902345,
        160.8165444946289,
        17719.622265625,
        55991.5753125,
        268441.4797265625,
        2959226.47,
        80234672.0,
        12431379220.48,
        26596019732.48,
        353433767116.8,
        648910426603.52,
        4906829291192.32,
        34101523907.058033,
        210162115379.3126,
        2278501893.12,
        119115013.68782593,
        7537291509.76,
        0.6219306564331055,
        1830515.441894579,
        0.6699936389923096,
        0.675355715751648,
        0.6893036341667176,
        0.6827730083465576,
        0.6789395761489868,
        0.6835775661468506,
        29188.972858376503,
        7911.199688482285,
        23220.694331617357,
        21365.664396882057,
        13820.53384649992,
        4945.946923427582,
        0.6820663976669311,
        0.6838586449623107,
        395.9595728445053,
        0.6826536464691162,
        0.6882033205032348,
        0.6877379846572876,
        0.6883671164512635,
        0.6885378408432007,
        0.6878404498100281,
        0.687311339378357,
        0.687057363986969,
        0.686793212890625,
        0.6861615777015686,
        0.6859919357299805,
        0.6861738586425781
    ],
    "val_acc": [
        0.57,
        0.415,
        0.47,
        0.46,
        0.61,
        0.505,
        0.495,
        0.65,
        0.515,
        0.595,
        0.47,
        0.465,
        0.395,
        0.405,
        0.425,
        0.45,
        0.41,
        0.415,
        0.46,
        0.595,
        0.595,
        0.595,
        0.595,
        0.595,
        0.595,
        0.595,
        0.595,
        0.59,
        0.59,
        0.59,
        0.59,
        0.59,
        0.59,
        0.595,
        0.595,
        0.59,
        0.595,
        0.595,
        0.595,
        0.595,
        0.595,
        0.595,
        0.595,
        0.595,
        0.595,
        0.595,
        0.595,
        0.595
    ]
}